Chapter,Code Range,Category Name,Description
I,A00-B99,Certain infectious and parasitic diseases,Intestinal infectious diseases; Tuberculosis; Bacterial diseases; Sexually transmitted infections; Spirochetal diseases; Chlamydiae; Rickettsioses; Viral infections; Viral hepatitis; HIV disease; Other viral diseases; Mycoses; Protozoal diseases; Helminthiases; Infestations; Sequelae of infectious diseases
I,A00-A09,Intestinal infectious diseases,Cholera; Typhoid fever; Paratyphoid fever; Other bacterial intestinal infections; Bacterial foodborne intoxications; Amebiasis; Other protozoal intestinal diseases; Viral and other specified intestinal infections; Diarrhea and gastroenteritis of infectious origin
I,A15-A19,Tuberculosis,Respiratory tuberculosis; Tuberculosis of other organs
I,A20-A28,Certain zoonotic bacterial diseases,Plague; Brucellosis; Leprosy; Leptospirosis; Other zoonotic bacterial diseases
I,A30-A49,Other bacterial diseases,Leprosy; Diphtheria; Whooping cough; Meningococcal infection; Sepsis; Streptococcal infection; Other bacterial diseases
II,C00-D49,Neoplasms,Malignant neoplasms of digestive organs; Respiratory system; Bone and articular cartilage; Skin; Connective tissue; Breast; Female genital organs; Male genital organs; Urinary tract; Eye and brain; Thyroid and endocrine glands; Lymphoid and hematopoietic tissue; In situ neoplasms; Benign neoplasms; Neuroendocrine tumors
II,C00-C14,Malignant neoplasms of lip oral cavity and pharynx,Lip; Tongue; Gum; Floor of mouth; Palate; Salivary glands; Pharynx
II,C15-C26,Malignant neoplasms of digestive organs,Esophagus; Stomach; Small intestine; Colon; Rectosigmoid junction; Rectum; Anus and anal canal; Liver; Gallbladder; Other and unspecified parts of biliary tract; Pancreas; Other digestive organs
II,C30-C39,Malignant neoplasms of respiratory and intrathoracic organs,Nasal cavity and middle ear; Larynx; Trachea bronchus and lung; Thymus; Heart; Mediastinum; Pleura; Other respiratory organs
II,C40-C41,Malignant neoplasm of bone and articular cartilage,Scapula and long bones of upper limb; Short bones of upper limb; Long bones of lower limb; Short bones of lower limb; Pelvis; Spine; Other bones; Other and unspecified parts of bone and articular cartilage
II,C43-C44,Melanoma and other malignant neoplasms of skin,Malignant melanoma of skin; Other malignant neoplasms of skin
II,C45-C49,Malignant neoplasms of mesothelial and soft tissue,Mesothelioma; Kaposi sarcoma; Other and unspecified malignant neoplasm of connective and soft tissue
II,C50-C50,Malignant neoplasm of breast,Malignant neoplasm of breast - all types
II,C51-C58,Malignant neoplasms of female genital organs,Labium majus and minus; Clitoris; Vulva; Vagina; Cervix uteri; Corpus uteri; Uterus; Ovary; Other female genital organs
II,C60-C63,Malignant neoplasms of male genital organs,Penis; Prostate; Testis; Other male genital organs
II,C64-C68,Malignant neoplasms of urinary tract,Kidney; Ureter; Bladder; Urethra; Urinary organs
II,C69-C72,Malignant neoplasms of eye brain and other parts of central nervous system,Eye and adnexa; Meninges; Brain; Spinal cord; Cauda equina; Nerve and autonomic nervous system
II,C73-C75,Malignant neoplasms of thyroid and other endocrine glands,Thyroid gland; Adrenal gland; Parathyroid gland; Pituitary gland; Craniopharyngeal duct; Pineal gland; Carotid body; Aortic body; Other endocrine glands and related structures
II,C81-C96,Malignant neoplasms of lymphoid hematopoietic and related tissue,Hodgkin lymphoma; Follicular lymphoma; Non-follicular lymphoma; Mature T/NK-cell lymphomas; Other non-Hodgkin lymphomas; Multiple myeloma; Malignant neoplasm of plasma cells; Lymphoid leukemia; Myeloid leukemia; Other leukemias
III,D50-D89,Diseases of the blood and blood-forming organs and certain disorders involving the immune mechanism,Nutritional anemias; Hemolytic anemias; Aplastic anemia; Coagulation defects; Other disorders of blood and blood-forming organs; Immune mechanism disorders
III,D50-D53,Nutritional anemias,Iron deficiency anemia; B12 deficiency anemia; Folate deficiency anemia; Other nutritional anemias
III,D55-D59,Hemolytic anemias,Anemia due to enzyme defects; Thalassemia; Sickle-cell disease; Other hemolytic anemias; Unspecified hemolytic anemia
III,D60-D64,Aplastic and other anemias and other bone marrow failure syndromes,Chronic idiopathic aplastic anemia; Aplastic anemia; Antineoplastic chemotherapy-induced pancytopenia; Other aplastic anemias; Other specified anemias; Unspecified anemia
III,D65-D69,Coagulation defects purpura and other hematologic conditions,Disseminated intravascular coagulation; Hemophilia; Other coagulation defects; Thrombocytopenia; Other specified hemorrhagic conditions
III,D70-D77,Other disorders of blood and blood-forming organs,Neutropenia; Functional disorders of polymorphonuclear neutrophils; Eosinophilia; Disorders of plasma-cell differentiation and immunoglobulin synthesis; Other specified disorders of bone marrow; Hemorrhagic conditions related to coagulation defects
III,D80-D89,Certain disorders involving the immune mechanism,Immunodeficiency with predominantly antibody defects; Immunodeficiency with predominantly T-cell defects; Combined immunodeficiencies; Other immunodeficiency disorders; Autoimmune disease; Complement defects; Other disorders involving the immune mechanism
IV,E00-E89,Endocrine nutritional and metabolic diseases,Thyroid disorders; Diabetes mellitus; Glucose regulation disorders; Endocrine gland disorders; Nutritional deficiencies; Obesity; Metabolic disorders
IV,E00-E07,Disorders of thyroid gland,Congenital iodine-deficiency syndrome; Iodine-deficiency related thyroid disease; Thyroiditis; Thyroid hyperfunctioning; Thyroid hypofunctioning; Thyroiditis; Thyroid nodule; Thyroid dysfunction
IV,E08-E13,Diabetes mellitus,Diabetes mellitus due to underlying condition; Diabetes mellitus type 1; Diabetes mellitus type 2; Unspecified diabetes mellitus
IV,E15-E16,Other disorders of glucose regulation and pancreatic internal secretion,Hypoglycemia; Other disorders of pancreatic internal secretion; Functional hypersecretion of insulin; Other hyperplasia of endocrine pancreas
IV,E20-E35,Disorders of other endocrine glands,Hypoparathyroidism; Hyperparathyroidism; Hypofunction; Hyperfunction of pituitary gland; Thyroid disorders; Adrenocortical insufficiency; Other endocrine disorders
IV,E40-E46,Malnutrition,Kwashiorkor; Marasmic kwashiorkor; Marasmus; Other protein-calorie malnutrition; Unspecified protein-calorie malnutrition; Severe protein-calorie malnutrition with signs of both kwashiorkor and marasmus
IV,E50-E64,Other nutritional deficiencies,Vitamin A deficiency; Vitamin B deficiency; Vitamin C deficiency; Vitamin D deficiency; Vitamin E deficiency; Dietary mineral deficiency; Other nutritional deficiencies
IV,E65-E68,Overweight obesity and other hyperalimentation,Obesity; Other hyperalimentation; Overweight and obesity in childhood; Other hyperalimentation
IV,E70-E88,Metabolic disorders,Phenylketonuria; Disorders of tyrosine metabolism; Disorders of branched-chain amino acid metabolism; Disorders of glycine metabolism; Lysine and hydroxylysine metabolism; Other disorders of amino acid metabolism; Other metabolic disorders
V,F01-F99,Mental Behavioral and Neurodevelopmental disorders,Neurocognitive disorders; Mental disorders due to psychoactive substance; Schizophrenia; Mood disorders; Anxiety disorders; Obsessive-compulsive disorder; Trauma- and stress-related disorders; Dissociative disorders; Somatic symptom disorder; Factitious disorder; Personality disorders; Intellectual disability; Specific developmental disorders; Autism spectrum disorder; Attention-deficit/hyperactivity disorder; Behavioral disorders; Disorders of psychological development
V,F01-F09,Mental disorders due to known physiological condition,Delirium due to known physiological condition; Dementia; Amnestic disorders; Other mental disorders due to known physiological condition; Personality and behavioral disorders due to known physiological condition
V,F10-F19,Mental and behavioral disorders due to psychoactive substance use,Alcohol-related disorders; Opioid-related disorders; Cannabinoid-related disorders; Sedative hypnotic or anxiolytic related disorders; Cocaine-related disorders; Other stimulant-related disorders; Hallucinogen-related disorders; Inhalant-related disorders; Other psychoactive substance-related disorders
V,F20-F29,Schizophrenia schizotypal delusional and other non-mood psychotic disorders,Schizophrenia; Schizotypal disorder; Persistent delusional disorders; Brief psychotic disorder; Delusional disorder; Other non-mood psychotic disorders
V,F30-F39,Mood affective disorders,Depressive disorders; Bipolar disorder; Persistent mood affective disorders
V,F40-F48,Anxiety dissociative stress-related somatoform and other nonpsychotic mental disorders,Phobic anxiety disorders; Anxiety disorders; Obsessive-compulsive disorder; Reaction to severe stress and adjustment disorders; Dissociative disorders; Somatic symptom disorder; Other nonpsychotic mental disorders
V,F50-F59,Behavioral syndromes associated with physiological disturbances and physical factors,Eating disorders; Sleep disorders; Sexual dysfunction; Abuse of non-psychoactive substances; Sleep disorder; Other behavioral or emotional disorders
V,F60-F69,Disorders of adult personality and behavior,Paranoid personality disorder; Schizoid personality disorder; Antisocial personality disorder; Borderline personality disorder; Histrionic personality disorder; Obsessive-compulsive personality disorder; Other personality disorders; Habit and impulse disorders
V,F70-F79,Intellectual disabilities,Mild intellectual disability; Moderate intellectual disability; Severe intellectual disability; Profound intellectual disability; Other intellectual disabilities
V,F80-F89,Pervasive and specific developmental disorders,Specific developmental disorder of speech and language; Specific developmental disorder of scholastic skills; Specific developmental disorder of motor function; Mixed disorder of scholastic skills; Autism spectrum disorder
V,F90-F98,Behavioral and emotional disorders with onset usually occurring in childhood and adolescence,Attention-deficit/hyperactivity disorder; Conduct disorders; Mixed disorders of conduct and emotions; Emotional disorders with onset specific to childhood; Feeding disorder of infancy or early childhood; Pica of infancy and childhood; Rumination disorder of infancy; Selective mutism; Stereotyped movement disorder; Other behavioral and emotional disorders with onset usually occurring in childhood and adolescence
VI,G00-G99,Diseases of the nervous system,Inflammatory diseases of CNS; Systemic atrophies; Extrapyramidal movement disorders; Degenerative diseases of nervous system; Demyelinating diseases; Epilepsy; Migraine; Sleep disorders; Nerve disorders; Myoneural junction diseases; Cerebral palsy; Paralysis; Other nervous system disorders
VI,G00-G09,Inflammatory diseases of the central nervous system,Bacterial meningitis; Meningitis; Encephalitis; Myelitis; Encephalomyelitis; Other inflammatory diseases of nervous system; Sequelae of inflammatory diseases of central nervous system
VI,G10-G14,Systemic atrophies primarily affecting the central nervous system,Huntington disease; Spinal muscular atrophy; Friedreich ataxia; Other neuronal atrophies not elsewhere classified; Systemic atrophies primarily affecting central nervous system in diseases classified elsewhere
VI,G20-G26,Extrapyramidal and movement disorders,Parkinson disease; Secondary parkinsonism; Other degenerative diseases of basal ganglia; Dystonia; Tremor; Tics; Other extrapyramidal and movement disorders
VI,G30-G32,Other degenerative diseases of the nervous system,Alzheimer disease; Other neurodegenerative diseases; Other specified degenerative diseases of nervous system
VI,G35-G37,Demyelinating diseases of the central nervous system,Multiple sclerosis; Other demyelinating diseases of central nervous system
VI,G40-G47,Episodic and paroxysmal disorders,Epilepsy; Migraine; Headache syndromes; Sleep disorders; Vertigo; Syncope and collapse; Transient cerebral ischemic attacks; Other episodic and paroxysmal disorders
VI,G50-G59,Nerve nerve root and plexus disorders,Disorders of trigeminal nerve; Disorders of facial nerve; Disorders of acoustic nerve; Disorders of accessory nerve; Disorders of hypoglossal nerve; Mononeuropathies of upper limb; Mononeuropathies of lower limb
VI,G60-G65,Polyneuropathies and other disorders of the peripheral nervous system,Hereditary and inflammatory neuropathy; Inflammatory and toxic neuropathies; Other polyneuropathies; Sequelae of polyneuropathies; Polyneuropathy unspecified
VI,G70-G73,Diseases of myoneural junction and muscle,Myasthenia gravis and other myoneural disorders; Dystrophy; Other myopathies; Disorders of neuromuscular junction and muscle in diseases classified elsewhere
VI,G80-G83,Cerebral palsy and other paralytic syndromes,Cerebral palsy; Hemiplegia; Paraplegia and tetraplegia; Other paralytic syndromes
VI,G89-G99,Other disorders of the nervous system,Pain syndromes; Hydrocephalus; Tethered spinal cord; Syringomyelia; Syrinx; Other disorders of central nervous system; Other disorders of nervous system
VII,H00-H59,Diseases of the eye and adnexa,Eyelid disorders; Lacrimal system disorders; Conjunctiva disorders; Sclera cornea iris ciliary body disorders; Lens disorders; Choroid retina disorders; Glaucoma; Vitreous body globe disorders; Optic nerve disorders; Binocular movement disorders; Visual disturbances; Eye disorders not elsewhere classified
VII,H00-H05,Disorders of eyelid lacrimal system and orbit,Chalazion; Hordeolum; Blepharitis; Ptosis of eyelid; Other disorders of eyelid; Dacryoadenitis; Dacryocystitis; Canaliculitis; Disorders of lacrimal passages; Other disorders of lacrimal system; Disorders of orbit
VII,H10-H11,Disorders of conjunctiva,Acute conjunctivitis; Chronic conjunctivitis; Conjunctivitis; Other conjunctivitis
VII,H15-H22,Disorders of sclera cornea iris and ciliary body,Scleritis; Other scleral disorders; Keratitis; Corneal scarring and opacity; Keratoconus; Other disorders of cornea; Disorders of iris and ciliary body; Cyclitis
VII,H25-H28,Disorders of lens,Cataract; Posterior lens opacities; Aphakia; Pseudophakia; Other lens disorders; Dysphakia
VII,H30-H36,Disorders of choroid and retina,Focal chorioretinitis; Disseminated chorioretinitis; Other inflammatory chorioretinopathies; Posterior cyclitis; Diabetic retinopathy; Age-related macular degeneration; Other retinal disorders; Macular scarring
VII,H40-H42,Glaucoma,Open angle glaucoma; Angle-closure glaucoma; Glaucoma secondary to eye trauma; Glaucoma secondary to inflammation; Glaucoma secondary to vascular disorders; Other secondary glaucomas; Unspecified glaucoma
VII,H43-H44,Disorders of vitreous body and globe,Vitreous prolapse; Vitreous hemorrhage; Vitreous membranes and adhesions; Other vitreous opacities; Other vitreous disorders; Phthisis bulbi; Degeneration of globe; Injury of globe; Other disorders of globe
VII,H46-H47,Disorders of optic nerve and visual pathways,Optic neuritis; Other optic nerve disorders; Visual pathway disorders
VII,H49-H52,Disorders of ocular muscles binocular movement accommodation and refraction,Strabismus; Paralytic strabismus; Other strabismus; Heterophoria; Phoria; Accommodation disorders; Refractive errors
VII,H53-H54,Visual disturbances and blindness,Amblyopia; Hemianopia; Diplopia; Other visual disturbances; Blindness and low vision; Unqualified visual loss
VII,H55-H57,Other disorders of eye and adnexa,Nystagmus; Other irregular eye movements; Eyestrain; Conjunctivitis; Ocular pain
VII,H59-H59,Intraoperative and postprocedural complications and disorders of eye and adnexa not elsewhere classified,Intraoperative hemorrhage and hematoma; Accidental puncture and laceration; Postprocedural hemorrhage; Postprocedural hematoma; Postprocedural inflammation
VIII,H60-H95,Diseases of the ear and mastoid process,External ear disorders; Middle ear and mastoid disorders; Inner ear disorders; Other ear disorders; Ear and mastoid complications
VIII,H60-H62,Diseases of external ear,Abscess boil carbuncle of external ear; Cellulitis of external ear; Other external ear infection; Noninfective disorders of external ear
VIII,H65-H75,Diseases of middle ear and mastoid,Acute suppurative otitis media; Chronic suppurative otitis media; Other otitis media; Otosclerosis; Perforation of tympanum; Other middle ear disorders; Other disorders of middle ear; Mastoiditis and related conditions
VIII,H80-H83,Diseases of inner ear,Otosclerosis; Oval window fistula; Meniere disease; Labyrinthitis; Other inner ear disorders; Vestibular disorder
VIII,H90-H94,Other disorders of ear,Conductive hearing loss; Sensorineural hearing loss; Mixed conductive and sensorineural hearing loss; Hearing loss unspecified; Auditory processing disorder; Diplacusis; Tinnitus; Other specified disorders of hearing
VIII,H95-H95,Intraoperative and postprocedural complications and disorders of ear and mastoid process not elsewhere classified,Postprocedural hearing loss; Postprocedural hematoma of ear and mastoid process; Intraoperative hemorrhage and hematoma; Other postprocedural complications and disorders of ear and mastoid process
IX,I00-I99,Diseases of the circulatory system,Acute rheumatic fever; Chronic rheumatic heart diseases; Hypertensive diseases; Ischemic heart diseases; Pulmonary heart disease; Heart failure; Cerebrovascular diseases; Arterial diseases; Venous diseases; Other circulatory disorders
IX,I00-I02,Acute rheumatic fever,Acute rheumatic fever with heart involvement; Acute rheumatic fever without heart involvement
IX,I05-I09,Chronic rheumatic heart diseases,Mitral stenosis; Aortic stenosis; Mitral regurgitation; Aortic regurgitation; Tricuspid stenosis; Tricuspid regurgitation; Multiple valve disorders; Rheumatic heart disease unspecified
IX,I10-I1A,Hypertensive diseases,Essential hypertension; Hypertensive heart disease; Hypertensive chronic kidney disease; Secondary hypertension; Other hypertensive diseases
IX,I20-I25,Ischemic heart diseases,Angina pectoris; Myocardial infarction; Atherosclerotic heart disease; Other forms of acute ischemic heart disease; Other ischemic heart disease
IX,I26-I28,Pulmonary heart disease and diseases of pulmonary circulation,Pulmonary embolism; Pulmonary hypertension; Other diseases of pulmonary circulation
IX,I30-I5A,Other forms of heart disease,Pericarditis; Acute myocarditis; Cardiomyopathy; Conduction disorders; Cardiac arrhythmias; Heart failure; Complications and ill-defined descriptions of heart disease; Other forms of heart disease
IX,I60-I69,Cerebrovascular diseases,Subarachnoid hemorrhage; Intracerebral hemorrhage; Other nontraumatic intracranial hemorrhage; Ischemic stroke; Transient cerebral ischemic attack; Occlusion and stenosis of cerebral arteries; Other cerebrovascular diseases; Sequelae of cerebrovascular disease
IX,I70-I79,Diseases of arteries arterioles and capillaries,Atherosclerosis; Arteritis; Other diseases of arteries and arterioles; Other specified diseases of blood vessels
IX,I80-I89,Diseases of veins lymphatic vessels and lymph nodes not elsewhere classified,Phlebitis and thrombophlebitis; Portal vein thrombosis; Venous embolism and thrombosis; Varicose veins; Other venous disorders; Disorders of lymphatic vessels and nodes; Other specified disorders of circulatory system
IX,I95-I99,Other and unspecified disorders of the circulatory system,Hypotension; Other specified circulatory disorders; Circulatory disorder unspecified
X,J00-J99,Diseases of the respiratory system,Acute upper respiratory infections; Influenza and pneumonia; Other acute lower respiratory infections; Chronic lower respiratory diseases; Lung diseases due to external agents; Other respiratory diseases; Intraoperative and postprocedural complications and disorders
X,J00-J06,Acute upper respiratory infections,Acute nasopharyngitis; Acute pharyngitis; Acute laryngitis and tracheitis; Acute laryngotracheobronchitis; Acute obstructive laryngitis
X,J09-J18,Influenza and pneumonia,Influenza; Pneumonia; Bronchitis; Bronchiolitis; Respiratory syncytial virus infection
X,J20-J22,Other acute lower respiratory infections,Acute bronchitis; Acute bronchiolitis; Other and unspecified acute lower respiratory infection
X,J30-J39,Other diseases of upper respiratory tract,Allergic rhinitis; Vasomotor and allergic rhinitis; Other diseases of upper respiratory tract; Other specified diseases of upper respiratory tract
X,J40-J4A,Chronic lower respiratory diseases,Chronic bronchitis; Emphysema; Chronic obstructive pulmonary disease; Asthma; Bronchiectasis
X,J60-J70,Lung diseases due to external agents,Coal worker pneumoconiosis; Silicosis; Asbestosis; Other pneumoconioses; Hypersensitivity pneumonitis; Extrinsic allergic alveolitis; Other interstitial pulmonary diseases
X,J80-J84,Other respiratory diseases principally affecting the interstitium,Acute respiratory distress syndrome; Interstitial emphysema; Pneumomediastinum; Other specified alveolar and parietallobar processes; Chronic interstitial lung diseases; Systemic sclerosis with lung involvement
X,J85-J86,Suppurative and necrotic conditions of lower respiratory tract,Abscess of lung; Empyema; Abscess of mediastinum
X,J90-J94,Other diseases of the pleura,Pleural effusion; Hemothorax; Pneumothorax; Empyema; Fibrinous pleuritis; Other conditions of pleura
X,J95-J95,Intraoperative and postprocedural complications and disorders of respiratory system not elsewhere classified,Tracheostomy complications; Intraoperative hemorrhage and hematoma; Postprocedural pneumothorax; Postprocedural pulmonary insufficiency; Other postprocedural complications of respiratory system
X,J96-J99,Other diseases of the respiratory system,Respiratory failure; Other specified respiratory disorders; Respiratory disorder unspecified
XI,K00-K95,Diseases of the digestive system,Diseases of oral cavity salivary glands and jaws; Diseases of esophagus stomach and duodenum; Diseases of appendix hernia of abdominal wall and umbilicus; Hernia; Noninfective enteritis and colitis; Other diseases of intestines; Peritonitis and other diseases of peritoneum; Diseases of liver; Disorders of gallbladder biliary tract and pancreas; Other diseases of digestive system
XI,K00-K14,Diseases of oral cavity and salivary glands and jaws,Disorders of tooth development and eruption; Dental caries; Diseases of pulp and periapical tissues; Periodontitis; Other disorders of teeth and supporting structures; Diseases of oral mucosa; Other diseases of mouth; Disorders of salivary glands; Dentofacial anomalies; Temporomandibular joint disorder
XI,K20-K31,Diseases of esophagus stomach and duodenum,Esophagitis; Gastro-esophageal reflux disease; Ulcer of esophagus; Acute gastritis; Duodenitis; Acute pancreatitis; Chronic pancreatitis; Other diseases of esophagus; Other diseases of stomach and duodenum
XI,K35-K38,Diseases of appendix,Acute appendicitis; Chronic appendicitis; Appendicitis unspecified; Other appendiceal conditions
XI,K40-K46,Hernia,Inguinal hernia; Femoral hernia; Umbilical hernia; Ventral hernia; Other abdominal hernia; Unspecified abdominal hernia; Diaphragmatic hernia
XI,K50-K52,Noninfective enteritis and colitis,Crohn disease; Ulcerative colitis; Other specified noninfective colitis; Unspecified noninfective colitis; Other and unspecified noninfective gastroenteritis and colitis
XI,K55-K64,Other diseases of intestines,Vascular disorders of intestines; Obstruction of intestine; Inguinal hernia; Functional intestinal disorders; Irritable bowel syndrome; Megacolon; Other specified functional intestinal disorders; Intestinal adhesions; Ischemic intestinal diseases
XI,K65-K68,Diseases of peritoneum and retroperitoneum,Peritonitis; Abscess of peritoneum; Other peritonitis; Retroperitoneal abscess; Other disorders of peritoneum
XI,K70-K77,Diseases of liver,Alcoholic fatty liver; Hepatitis; Other liver diseases; Fibrosis and cirrhosis of liver; Hepatic failure; Portal hypertension; Other disorders of liver
XI,K80-K87,Disorders of gallbladder biliary tract and pancreas,Cholelithiasis; Cholecystitis; Cholangitis; Biliary colic; Obstruction of bile duct; Other disorders of biliary tract and pancreas; Pancreatitis; Other disorders of pancreas
XI,K90-K95,Other diseases of the digestive system,Intestinal malabsorption; Sequelae of cerebral palsy and other nontraumatic brain damage; Postprocedural complications of digestive system; Postprocedural disorders of digestive system; Other specified diseases of digestive system; Disease of digestive system unspecified
XII,L00-L99,Diseases of the skin and subcutaneous tissue,Infections of skin and subcutaneous tissue; Bullous disorders; Dermatitis and eczema; Papulosquamous disorders; Urticaria and erythema; Radiation-related disorders of skin and subcutaneous tissue; Disorders of skin appendages; Other disorders of skin and subcutaneous tissue
XII,L00-L08,Infections of the skin and subcutaneous tissue,Pyoderma; Impetigo; Abscess boil carbuncle of skin and subcutaneous tissue; Cellulitis; Acute lymphangitis; Unspecified local infection; Other inflammatory conditions of skin and subcutaneous tissue
XII,L10-L14,Bullous disorders,Pemphigus; Bullous pemphigoid; Dermatitis herpetiformis; Linear IgA disease; Other bullous disorders
XII,L20-L30,Dermatitis and eczema,Atopic dermatitis; Seborrheic dermatitis; Diaper dermatitis; Other dermatitis; Unspecified dermatitis; Contact dermatitis; Eczema
XII,L40-L45,Papulosquamous disorders,Psoriasis; Pityriasis rubra pilaris; Lichen planus; Pityriasis rosea; Other papulosquamous disorders
XII,L49-L54,Urticaria and erythema,Nettle rash; Angioedema; Generalized erythema; Other specified erythematous conditions; Erythema unspecified
XII,L55-L59,Radiation-related disorders of the skin and subcutaneous tissue,Sunburn; Other acute skin changes due to ultraviolet radiation; Chronic skin changes due to nonionizing radiation; Skin changes due to chronic exposure to nonionizing radiation; Other specified disorders of skin and subcutaneous tissue related to radiation
XII,L60-L75,Disorders of skin appendages,Nail disorders; Folliculitis; Acne; Rosacea; Sebaceous cyst; Pilar cyst; Other sebaceous conditions; Acanthosis nigricans; Other specified disorders of skin and subcutaneous tissue
XII,L76-L76,Intraoperative and postprocedural complications and disorders of skin and subcutaneous tissue not elsewhere classified,Intraoperative hemorrhage and hematoma; Postprocedural complications of skin and subcutaneous tissue
XII,L80-L99,Other disorders of the skin and subcutaneous tissue,Vitiligo; Chromhidrosis; Hyperhidrosis; Flushing; Other specified disorders of skin and subcutaneous tissue; Disorder of skin and subcutaneous tissue unspecified
XIII,M00-M99,Diseases of the musculoskeletal system and connective tissue,Inflammatory polyarthropathies; Osteoarthritis; Other joint disorders; Systemic connective tissue disorders; Deforming dorsopathies; Spondylopathies; Other dorsopathies; Disorders of muscles; Disorders of synovium and tendon; Other soft tissue disorders; Disorders of bone density and structure; Other osteopathies; Chondropathies; Other disorders
XIII,M00-M02,Infectious arthropathies,Pyogenic arthritis; Lyme disease; Other bacterial arthritis; Other reactive arthropathies; Postmeningococcal arthritis
XIII,M04-M04,Autoinflammatory syndromes,Systemic onset juvenile idiopathic arthritis; Other autoinflammatory syndromes
XIII,M05-M14,Inflammatory polyarthropathies,Rheumatoid arthritis; Other autoimmune polyarthropathies; Polyarthritis unspecified; Other polyarthropathies; Polyarthritis unspecified
XIII,M15-M19,Osteoarthritis,Primary osteoarthritis of hand; Primary osteoarthritis; Secondary osteoarthritis; Post-traumatic osteoarthritis; Primary osteoarthritis other site; Unspecified osteoarthritis
XIII,M20-M25,Other joint disorders,Deformities of toe; Hallux limitus; Hallux rigidus; Hallux valgus; Other deformities of toe; Deformities of fingers and toes; Other specific joint derangements; Contracture of joint; Other specified joint disorders; Joint disorder unspecified
XIII,M26-M27,Dentofacial anomalies and malocclusion,Dentofacial anomalies; Temporomandibular joint disorders
XIII,M30-M36,Systemic connective tissue disorders,Polyarteritis nodosa; Microscopic polyangiitis; Other necrotizing vasculitis; Granulomatosis with polyangiitis; Hypersensitivity angiitis; Other systemic vasculitis; Systemic sclerosis; Systemic lupus erythematosus; Other autoimmune diseases; Systemic sclerosis; Sjögren syndrome; Other systemic connective tissue disorders not elsewhere classified
XIII,M40-M43,Deforming dorsopathies,Kyphosis; Lordosis; Scoliosis; Other deforming dorsopathies; Unspecified deforming dorsopathy
XIII,M45-M49,Spondylopathies,Ankylosing spondylitis; Enteropathic arthropathies; Psoriatic arthropathies; Inflammatory spondylopathies; Other spondylopathies; Unspecified spondylopathy
XIII,M50-M54,Other dorsopathies,Cervical disc disorders; Other cervical spine disorders; Thoracic spine disorders; Lumbar and other intervertebral disc disorders; Lumbar spine disorders; Sacral spine disorders; Other and unspecified dorsopathies
XIII,M60-M63,Disorders of muscles,Myositis; Other myositis; Myositis unspecified; Other specified myositis; Unspecified myositis; Other and unspecified myopathies; Myopathy unspecified; Paralysis; Rhabdomyolysis
XIII,M65-M67,Disorders of synovium and tendon,Synovitis and tenosynovitis; Synovitis and tenosynovitis; Synovitis and tenosynovitis unspecified; Synovitis and tenosynovitis in diseases classified elsewhere; Other specified disorders of synovium and tendon; Unspecified disorder of synovium and tendon
XIII,M70-M79,Other soft tissue disorders,Soft tissue disorders related to use overuse and pressure; Other soft tissue disorders related to use overuse and pressure; Bursitis; Cellulitis and inflammation of digits; Other soft tissue disorders not elsewhere classified
XIII,M80-M85,Disorders of bone density and structure,Osteoporosis; Osteoporosis with current pathological fracture; Osteoporosis without current pathological fracture; Osteomalacia; Rickets; Other disorders of bone density and structure
XIII,M86-M90,Other osteopathies,Osteomyelitis; Osteomyelitis unspecified; Other osteomyelitis; Osteomyelitis; Necrotizing fasciitis; Other osteitis; Osteitis unspecified; Sequestrum of bone; Hypertrophic osteoarthropathy; Other specified osteopathies; Osteopathy unspecified
XIII,M91-M94,Chondropathies,Slipped upper femoral epiphysis; Coxa plana; Coxa vara; Other chondrodystrophies; Chondrodysplasia unspecified; Chondromalacia; Chondromalacia unspecified; Other specified chondropathies; Chondropathy unspecified
XIII,M95-M95,Other disorders of the musculoskeletal system and connective tissue,Deformity of chest wall; Sequelae of rickets; Other specified disorders of musculoskeletal system and connective tissue
XIII,M96-M96,Intraoperative and postprocedural complications and disorders of musculoskeletal system not elsewhere classified,Intraoperative hemorrhage and hematoma; Postprocedural hemorrhage and hematoma; Postprocedural seroma; Other postprocedural complications and disorders of musculoskeletal system
XIII,M97-M97,Periprosthetic fracture around internal prosthetic joint,Periprosthetic fracture around prosthetic implant; Fracture following insertion of orthopedic implant prosthetic device and plate
XIII,M99-M99,Biomechanical lesions not elsewhere classified,Segmental and somatic dysfunction; Subluxation complex; Vertebral subluxation; Other biomechanical lesions; Biomechanical lesion unspecified
XIV,N00-N99,Diseases of the genitourinary system,Glomerular diseases; Renal tubulo-interstitial diseases; Acute kidney failure and chronic kidney disease; Urolithiasis; Other disorders of kidney and ureter; Other diseases of urinary system; Diseases of male genital organs; Disorders of breast; Inflammatory diseases of female pelvic organs; Noninflammatory disorders of female genital tract; Postprocedural complications
XIV,N00-N08,Glomerular diseases,Acute nephritic syndrome; Rapidly progressive nephritic syndrome; Chronic nephritic syndrome; Nephrotic syndrome; Other glomerular diseases; Glomerulonephritis unspecified
XIV,N10-N16,Renal tubulo-interstitial diseases,Acute pyelonephritis; Chronic pyelonephritis; Acute tubulointerstitial nephritis; Chronic tubulointerstitial nephritis; Other interstitial kidney diseases; Renal and perinephric abscess; Other renal tubulo-interstitial diseases
XIV,N17-N19,Acute kidney failure and chronic kidney disease,Acute kidney failure; Chronic kidney disease; Unspecified kidney failure
XIV,N20-N23,Urolithiasis,Kidney stone; Ureter stone; Bladder calculus; Anuria and oliguria; Unspecified urolithiasis
XIV,N25-N29,Other disorders of kidney and ureter,Renal osteodystrophy; Other disorders of kidney and ureter
XIV,N30-N39,Other diseases of the urinary system,Cystitis; Urethritis and urethral syndrome; Urinary tract infection unspecified; Polyuria; Dysuria; Urinary incontinence; Enuresis; Urinary retention
XIV,N40-N53,Diseases of male genital organs,Hyperplasia of prostate; Prostatitis; Prostatodynia; Orchitis; Epididymitis; Testicular infarction; Testicular torsion; Other testicular disorders; Hydrocele; Varicocele; Other male genital disorders; Erectile dysfunction; Sexual dysfunction male; Male infertility; Other disorders of male genital organs
XIV,N60-N65,Disorders of breast,Solitary cyst of breast; Fibroadenosis of breast; Fibrocystic changes; Induration of breast; Sclerous mastopathy; Other benign mammary dysplasias; Other specified disorders of breast; Unspecified disorder of breast
XIV,N70-N77,Inflammatory diseases of female pelvic organs,Acute inflammatory diseases of female pelvic organs; Chronic inflammatory diseases of female pelvic organs; Inflammatory disease female pelvic organs unspecified; Acute vaginitis; Subacute and chronic vaginitis; Vulvitis; Vulvovaginitis; Cervicitis; Other inflammatory diseases of female genital tract; Inflammatory disease female genital tract unspecified
XIV,N80-N98,Noninflammatory disorders of female genital tract,Endometriosis; Adenomyosis; Endometrial hyperplasia; Polyp of female genital tract; Female genital tract pain; Female sexual dysfunction; Female infertility; Other noninflammatory disorders of female genital tract
XIV,N99-N99,Postprocedural complications and disorders of genitourinary system not elsewhere classified,Postprocedural renal failure; Postprocedural urethral stricture; Postprocedural ovarian failure; Postprocedural testicular hypofunction; Postprocedural complications of genitourinary system; Postprocedural disorder of genitourinary system
XV,O00-O9A,Pregnancy childbirth and the puerperium,Pregnancy with abortive outcome; Edema proteinuria and hypertensive disorders; Other maternal disorders predominantly related to pregnancy; Maternal care related to fetus and amniotic cavity; Complications of labor and delivery; Encounter for delivery; Complications predominantly related to puerperium; Other obstetric conditions not elsewhere classified
XV,O00-O08,Pregnancy with abortive outcome,Ectopic pregnancy; Molar pregnancy; Abortive outcome pregnancy; Threatened abortion; Incomplete spontaneous abortion; Complete spontaneous abortion; Retained products of conception following abortion; Complications following ectopic and molar pregnancy; Unspecified abortion
XV,O09-O09,Supervision of high risk pregnancy,Supervision of pregnancy with history of infertility; History of ectopic or molar pregnancy; Other supervision of high risk pregnancy
XV,O10-O16,Edema proteinuria and hypertensive disorders in pregnancy childbirth and the puerperium,Existing hypertension complicating pregnancy childbirth and puerperium; Gestational hypertension; Gestational proteinuria; Gestational edema; Proteinuria and edema gestational hypertensive disorder; Gestational diabetes mellitus; Other hypertensive disorders in pregnancy childbirth and puerperium
XV,O20-O29,Other maternal disorders predominantly related to pregnancy,Hemorrhage in early pregnancy; Excessive vomiting in pregnancy; Abnormalities of pregnancy-related hormones; Disorders of pregnancy-related carbohydrate metabolism; Other specified maternal disorders predominantly related to pregnancy
XV,O30-O48,Maternal care related to the fetus and amniotic cavity and possible delivery problems,Multiple gestation; Maternal care for malpresentation of fetus; Maternal care for disproportionate fetus; Maternal care for abnormalities of fetal heart rate and rhythm; Maternal care for excessive fetal growth; Maternal care for other fetal problems; Maternal care for placental problems; Maternal care for other conditions predominantly related to pregnancy; Encounter for delivery
XV,O60-O77,Complications of labor and delivery,Preterm labor; Abnormality of forces of labor; Obstructed labor; Incoordinate labor; Prolonged labor; Maternal exhaustion; Abnormality of maternal pelvic organs; Fetal complications from intra-abdominal procedures; Umbilical cord complications; Other intrapartum complications; Retained placenta; Postpartum hemorrhage; Retained products of conception; Other complications of labor and delivery
XV,O80-O82,Encounter for delivery,Encounter for full-term uncomplicated delivery; Encounter for delivery by cesarean section; Encounter for delivery by forceps; Encounter for delivery by vacuum extraction
XV,O85-O92,Complications predominantly related to the puerperium,Puerperal fever; Puerperal sepsis; Puerperal septic thrombophlebitis; Puerperal pyemia; Obstetric embolism; Failing or failed trial of labor; Obstetric trauma; Complications of anesthesia during puerperium; Retained products of conception following delivery; Retained placenta without hemorrhage; Abnormality of involution; Postpartum acute kidney injury; Postpartum thyroiditis; Other complications of puerperium
XV,O94-O9A,Other obstetric conditions not elsewhere classified,Sequelae of obstetric condition; Complications of anesthesia during pregnancy; Other obstetric conditions or complications not elsewhere classified
XVI,P00-P96,Certain conditions originating in the perinatal period,Newborn affected by maternal factors and by complications of pregnancy labor and delivery; Disorders of newborn related to length of gestation and birth weight; Birth trauma; Respiratory and cardiovascular disorders specific to newborn; Infections specific to perinatal period; Hemorrhagic and hematological disorders of newborn; Transitory endocrine and metabolic disorders of newborn; Digestive system disorders of newborn; Conditions involving integument and temperature regulation of newborn; Other problems with newborn; Other disorders originating in perinatal period
XVI,P00-P04,Newborn affected by maternal factors and by complications of pregnancy labor and delivery,Newborn affected by maternal hypertensive disorder; Newborn affected by maternal renal and urinary tract diseases; Newborn affected by maternal infections and parasitic diseases; Newborn affected by maternal nutritional disorders; Newborn affected by maternal injury; Newborn affected by maternal substance abuse; Newborn affected by complications of pregnancy; Newborn affected by complications of labor and delivery
XVI,P05-P08,Disorders of newborn related to length of gestation and birth weight,Newborn light for gestational age; Newborn small for gestational age; Newborn affected by slow intrauterine growth; Newborn large for gestational age; Newborn extremely preterm; Other preterm newborn
XVI,P09-P09,Abnormal findings on neonatal screening,Abnormal findings on neonatal screening
XVI,P10-P15,Birth trauma,Subdural hemorrhage; Bleeding into cerebral ventricle; Subdural hemorrhage; Epidural hemorrhage; Traumatic cerebral edema; Birth injury to scalp; Birth injury to face; Birth injury to central nervous system; Birth injury to peripheral nervous system; Other birth injuries
XVI,P19-P29,Respiratory and cardiovascular disorders specific to the newborn,Neonatal aspiration; Neonatal pulmonary hypertension; Persistent fetal circulation; Neonatal pulmonary hemorrhage; Neonatal respiratory failure; Neonatal aspiration and meconium; Transitory tachypnea of newborn; Respiratory distress of newborn; Neonatal cardiac arrhythmias; Neonatal myocarditis; Neonatal heart failure; Neonatal edema; Neonatal hypertension; Neonatal thrombosis
XVI,P35-P39,Infections specific to the perinatal period,Congenital rubella syndrome; Congenital toxoplasmosis; Congenital cytomegalovirus infection; Herpes simplex virus infection; Congenital varicella syndrome; Bacterial sepsis of newborn; Ophthalmia neonatorum; Perinatal hepatitis B; Perinatal HIV infection; Other infectious diseases of newborn
XVI,P50-P61,Hemorrhagic and hematological disorders of newborn,Newborn hemorrhage; Intraventricular hemorrhage; Bleeding into other intra-abdominal organs; Adrenal hemorrhage; Bleeding from other sites in newborn; Anemia of newborn; Polycythemia neonatorum; Hemolytic disease of newborn due to incompatibility; Fetal and neonatal alloimmunization; Other hemolytic diseases of newborn; Hemorrhagic disease of newborn; Other hematological disorders of newborn
XVI,P70-P74,Transitory endocrine and metabolic disorders of newborn,Syndrome of infant of mother with gestational diabetes; Syndrome of infant of mother with neonatal diabetes mellitus; Neonatal diabetes mellitus; Other neonatal hypoglycemia; Hypocalcemia of newborn; Hypomagnesemia of newborn; Other transitory neonatal electrolyte and metabolic disturbances; Transitory metabolic disorder
XVI,P76-P78,Digestive system disorders of newborn,Meconium plug syndrome; Neonatal intestinal obstruction; Meconium ileus; Other neonatal intestinal obstructions; Meconium aspiration syndrome; Transitory ileus of newborn; Hemorrhage into digestive system of newborn
XVI,P80-P83,Conditions involving the integument and temperature regulation of newborn,Cold injury syndrome; Neonatal erythema toxicum; Neonatal erythema multiforme; Neonatal pustulosis; Pemphigus neonatorum; Other conditions of integument specific to newborn; Temperature instability of newborn
XVI,P84-P84,Other problems with newborn,Failure to thrive in newborn; Neonatal jaundice; Other and unspecified conditions originating in perinatal period
XVI,P90-P96,Other disorders originating in the perinatal period,Convulsions of newborn; Neonatal seizure disorder; Neonatal coma; Other neonatal conditions; Complications of newborn related to intrauterine procedures; Disorders of newborn related to environmental factors; Neonatal complications of intrauterine procedures; Other specified conditions originating in perinatal period; Condition originating in perinatal period unspecified
XVII,Q00-QA0,Congenital malformations deformations chromosomal abnormalities and genetic disorders,Congenital malformations of nervous system; Congenital malformations of eye ear face and neck; Congenital malformations of circulatory system; Congenital malformations of respiratory system; Cleft lip and cleft palate; Other congenital malformations of digestive system; Congenital malformations of genital organs; Congenital malformations of urinary system; Other congenital malformations of musculoskeletal system; Other congenital malformations; Chromosomal abnormalities not elsewhere classified; Genetic disorders not elsewhere classified
XVII,Q00-Q07,Congenital malformations of the nervous system,Anencephalus; Spina bifida; Congenital malformations of brain; Other congenital malformations of nervous system
XVII,Q10-Q18,Congenital malformations of eye ear face and neck,Congenital malformations of eyelids eyelashes eyebrows; Congenital malformations of lacrimal apparatus; Congenital malformations of ear; Congenital malformations of face and neck
XVII,Q20-Q28,Congenital malformations of the circulatory system,Common arterial trunk; Transposition of the great vessels; Tetralogy of Fallot; Other congenital malformations of heart; Patent foramen ovale; Atrial septal defect; Ventricular septal defect; Other congenital malformations of heart; Pulmonary stenosis; Pulmonary atresia; Tricuspid atresia; Ebstein anomaly; Other congenital malformations of pulmonary valve
XVII,Q30-Q34,Congenital malformations of the respiratory system,Atresia of nares; Congenital stenosis and stricture of nares; Choanal atresia; Congenital stenosis of larynx; Congenital laryngeal web; Laryngeal cleft; Congenital subglottic stenosis; Congenital malformations of epiglottis; Congenital malformations of respiratory system
XVII,Q35-Q37,Cleft lip and cleft palate,Cleft palate; Cleft lip; Cleft palate with cleft lip
XVII,Q38-Q45,Other congenital malformations of the digestive system,Congenital malformations of lips not elsewhere classified; Congenital malformations of tongue; Congenital malformations of salivary glands and ducts; Congenital absence presence and hypoplasia of tongue; Congenital tracheoesophageal fistula; Congenital stenosis of esophagus; Congenital malformations of stomach; Congenital malformations of gallbladder bile ducts and liver; Congenital malformations of small intestines; Congenital malformations of large intestines
XVII,Q50-Q56,Congenital malformations of genital organs,Congenital absence of uterus; Congenital malformations of uterus and cervix; Congenital absence and hypoplasia of ovary; Congenital malformations of ovaries; Congenital malformations of fallopian tube; Congenital malformations of vagina; Douching and irrigation of vagina; Congenital malformations of testis and scrotum; Congenital cryptorchidism; Congenital malformations of penis; Congenital malformations of genital organs
XVII,Q60-Q64,Congenital malformations of the urinary system,Renal agenesis and other reduction defects of kidney; Cystic kidney disease; Congenital hydronephrosis; Transposition of kidney; Fusion of kidneys; Doubling of kidney and ureter; Congenital malformations of ureter; Congenital malformations of bladder and urethra; Congenital absence of bladder; Congenital diverticulum of bladder
XVII,Q65-Q79,Congenital malformations and deformations of the musculoskeletal system,Congenital deformity of hip; Congenital varus deformities of feet; Congenital flexion deformity; Congenital pes planus; Congenital deformities of foot; Polydactyly; Syndactyly; Arachnodactyly; Other congenital malformations of limbs; Other specified congenital malformations of musculoskeletal system; Congenital deformity of chest wall; Congenital malformations of spine; Other congenital malformations of bony skeleton
XVII,Q80-Q89,Other congenital malformations,Ichthyosis; Epidermolysis bullosa; Epidermolysis bullosa simplex; Epidermolysis bullosa acquisita; Other epidermolysis bullosa; Congenital ichthyosis; Ectodermal dysplasia; Other congenital malformations of skin; Down syndrome; Edwards syndrome; Patau syndrome; Other congenital malformations; Congenital malformation unspecified
XVII,Q90-Q99,Chromosomal abnormalities not elsewhere classified,Down syndrome; Edwards syndrome; Patau syndrome; Turner syndrome; Klinefelter syndrome; Other sex chromosome abnormalities; Marker chromosomes; Balanced rearrangements and structural markers; Unspecified chromosomal abnormality; Unspecified chromosomal abnormality
XVII,QA0-QA0,Genetic disorders not elsewhere classified,Genetic disorders not elsewhere classified
XVIII,R00-R99,Symptoms signs and abnormal clinical and laboratory findings not elsewhere classified,Symptoms and signs involving circulatory and respiratory systems; Symptoms and signs involving digestive system and abdomen; Symptoms and signs involving skin and subcutaneous tissue; Symptoms and signs involving nervous and musculoskeletal systems; Symptoms and signs involving genitourinary system; Symptoms and signs involving cognition perception and emotional state; Symptoms and signs involving speech and voice; General symptoms and signs; Abnormal findings on examination of blood without diagnosis; Abnormal findings on examination of urine without diagnosis; Abnormal findings on examination of other body fluids substances and tissues; Abnormal findings on diagnostic imaging
XVIII,R00-R09,Symptoms and signs involving the circulatory and respiratory systems,Tachycardia; Palpitations; Chest pain; Dyspnea; Abdominal pain; Chest pain; Pressure in chest; Cough; Throat pain; Shortness of breath; Other symptoms and signs involving circulatory and respiratory systems
XVIII,R10-R19,Symptoms and signs involving the digestive system and abdomen,Abdominal pain; Nausea and vomiting; Diarrhea; Constipation; Abdominal distension; Discharge from other sites; Other symptoms involving digestive system
XVIII,R20-R23,Symptoms and signs involving the skin and subcutaneous tissue,Disturbances of skin sensation; Skin and subcutaneous tissue lesions; Rash and other nonspecific skin eruption; Other and unspecified symptoms involving skin and subcutaneous tissue
XVIII,R25-R29,Symptoms and signs involving the nervous and musculoskeletal systems,Abnormal involuntary movements; Gait abnormality; Lack of coordination; Difficulty in walking; Other lack of coordination; Unspecified lack of coordination; Hyperreflexia; Muscle weakness; Muscle pain; Difficulty in walking; Other symptoms and signs involving nervous system
XVIII,R30-R39,Symptoms and signs involving the genitourinary system,Dysuria; Urinary frequency; Polyuria; Dysuria and frequency; Urinary retention; Urinary incontinence; Straining on urination; Other symptoms and signs involving genitourinary system
XVIII,R40-R46,Symptoms and signs involving cognition perception and emotional state,Somnolence stupor and coma; Disorientation; Delirium not induced by alcohol or other psychoactive substances; Other symptoms and signs involving cognitive functions and awareness; Symptoms and signs involving emotional state; Symptoms and signs involving appearance and general condition
XVIII,R47-R49,Symptoms and signs involving speech and voice,Speech disturbances not elsewhere classified; Dysphonia; Hoarseness; Other symptoms and signs involving speech and voice; Unspecified speech and voice disturbances
XVIII,R50-R69,General symptoms and signs,Fever; Chills; Dizziness and giddiness; Syncope and collapse; Shock not elsewhere classified; Convulsions not elsewhere classified; Cough; Dyspnea; Chest pain; Fatigue and malaise; Difficulty in walking; Other general symptoms and signs
XVIII,R70-R79,Abnormal findings on examination of blood without diagnosis,Elevated erythrocyte sedimentation rate; Abnormal blood chemistry; Other abnormal findings on examination of blood
XVIII,R80-R82,Abnormal findings on examination of urine without diagnosis,Proteinuria; Glucose in urine; Blood and blood clots in urine; Cylindruria; Other abnormal findings on examination of urine
XVIII,R83-R89,Abnormal findings on examination of other body fluids substances and tissues without diagnosis,Abnormal findings in cerebrospinal fluid; Abnormal findings in specimens from respiratory tract; Abnormal findings in specimens from digestive tract; Abnormal findings in specimens from genitourinary tract; Abnormal findings in other body fluids and substances; Abnormal findings in specimens from female genital organs
XVIII,R90-R94,Abnormal findings on diagnostic imaging and other investigation of brain and central nervous system,Abnormal findings on brain imaging; Abnormal findings on imaging of other parts of nervous system; Abnormal findings on imaging of thorax; Abnormal findings on imaging of abdomen and pelvis; Abnormal findings on other diagnostic imaging; Abnormal findings on diagnostic ultrasound
XVIII,R97-R97,Abnormal tumor markers,Abnormal tumor markers
XVIII,R99-R99,Ill-defined and unknown cause of mortality,Ill-defined and unknown cause of mortality
XIX,S00-T88,Injury poisoning and certain other consequences of external causes,Superficial injury; Open wound; Injury of blood vessels; Injury of muscle fascia and tendon; Injury of eye and orbit; Intracranial injury; Injury of neck; Injury of thorax; Injury of abdomen lower back and pelvis; Injury of shoulder and upper arm; Injury of elbow and forearm; Injury of wrist hand and fingers; Injury of hip and thigh; Injury of knee and lower leg; Injury of ankle and foot; Burns and corrosions; Frostbite; Effects of foreign body; Effects of heat; Effects of forces of nature; Complications of care; Other consequences of external causes
XIX,S00-S09,Injuries to the head,Superficial injury of head; Open wound of head; Fracture of skull and facial bones; Injury of eye and orbit; Intracranial injury; Injury of blood vessels of head; Injury of muscles and tendons of head; Crushing injury of head; Other and unspecified injuries of head
XIX,S10-S19,Injuries to the neck,Superficial injury of neck; Open wound of neck; Fracture of cervical spine; Injury of nerves and spinal cord at neck level; Injury of blood vessels at neck level; Injury of muscle fascia and tendon at neck level; Crushing injury of neck; Traumatic rupture of ear drum; Other specified injuries of neck; Unspecified injury of neck
XIX,S20-S29,Injuries to the thorax,Superficial injury of thorax; Open wound of thorax; Fracture of rib and sternum; Injury of heart; Injury of lung and bronchus; Injury of intrathoracic organs; Crushing injury of thorax; Traumatic hemopneumothorax; Traumatic pneumothorax; Traumatic hemothorax; Other and unspecified injuries of thorax
XIX,S30-S39,Injuries to the abdomen lower back lumbar spine and pelvis,Superficial injury of abdomen lower back and pelvis; Open wound of abdomen lower back and pelvis; Fracture of lumbar spine and pelvis; Injury of abdominal organs; Crushing injury of abdomen lower back and pelvis; Traumatic rupture of pelvic organ; Other and unspecified injuries of abdomen lower back and pelvis
XIX,S40-S49,Injuries to the shoulder and upper arm,Superficial injury of shoulder and upper arm; Open wound of shoulder and upper arm; Fracture of shoulder and upper arm; Dislocation and sprain of joints and ligaments of shoulder girdle; Injury of nerves at shoulder and upper arm level; Injury of blood vessels at shoulder and upper arm level; Crushing injury of shoulder and upper arm; Other and unspecified injuries of shoulder and upper arm
XIX,S50-S59,Injuries to the elbow and forearm,Superficial injury of elbow and forearm; Open wound of elbow and forearm; Fracture of forearm bones; Fracture of radius and ulna; Dislocation and sprain of joints and ligaments of elbow; Injury of nerves at elbow and forearm level; Injury of blood vessels at elbow and forearm level; Crushing injury of elbow and forearm; Other and unspecified injuries of elbow and forearm
XIX,S60-S69,Injuries to the wrist hand and fingers,Superficial injury of wrist hand and fingers; Open wound of wrist hand and fingers; Fracture at wrist and hand level; Dislocation and sprain of joints and ligaments at wrist and hand level; Injury of nerves at wrist and hand level; Injury of blood vessels at wrist and hand level; Crushing injury of wrist hand and fingers; Other and unspecified injuries of wrist hand and fingers; Unspecified injury of wrist hand and fingers
XIX,S70-S79,Injuries to the hip and thigh,Superficial injury of hip and thigh; Open wound of hip and thigh; Fracture of femur; Dislocation and sprain of joint and ligaments of hip; Injury of nerves at hip and thigh level; Injury of blood vessels at hip and thigh level; Crushing injury of hip and thigh; Other and unspecified injuries of hip and thigh
XIX,S80-S89,Injuries to the knee and lower leg,Superficial injury of knee and lower leg; Open wound of knee and lower leg; Fracture of lower leg including ankle; Dislocation and sprain of joints and ligaments of knee; Injury of nerves at lower leg level; Injury of blood vessels at lower leg level; Crushing injury of lower leg; Other specified injuries of lower leg; Unspecified injury of lower leg
XIX,S90-S99,Injuries to the ankle and foot,Superficial injury of ankle and foot; Open wound of ankle and foot; Fracture of ankle and malleolus; Other fracture of ankle and foot; Dislocation and sprain of joints and ligaments at ankle and foot level; Injury of nerves at ankle and foot level; Injury of blood vessels at ankle and foot level; Crushing injury of ankle and foot; Other specified injuries of ankle and foot; Unspecified injury of ankle and foot
XIX,T07-T07,Injuries involving multiple body regions,Unspecified multiple injuries
XIX,T14-T14,Injury of unspecified body region,Unspecified injury
XIX,T15-T19,Effects of foreign body entering through natural orifice,Foreign body in esophagus; Foreign body in stomach and small intestine; Foreign body in colon; Foreign body in alimentary tract part unspecified; Foreign body in external eye; Foreign body in cornea; Foreign body in conjunctival sac; Foreign body in lacrimal apparatus; Foreign body in other and multiple parts of eye; Foreign body in ear; Foreign body in respiratory tract; Foreign body in other parts of respiratory tract; Foreign body in digestive tract; Foreign body in genitourinary tract
XIX,T20-T25,Burns and corrosions of external body surface specified by site,Burn of head face and neck; Burn of trunk; Burn of shoulder and upper limb except wrist and hand; Burn of wrist and hand; Burn of hip and lower limb except ankle and foot; Burn of ankle and foot; Corrosion of head face and neck; Corrosion of trunk; Corrosion of shoulder and upper limb except wrist and hand; Corrosion of wrist and hand; Corrosion of hip and lower limb except ankle and foot; Corrosion of ankle and foot
XIX,T26-T28,Burns and corrosions confined to eye and internal organs,Burn of eye and adnexa; Burn of respiratory tract; Burn of other internal organs; Corrosion of eye and adnexa; Corrosion of respiratory tract; Corrosion of digestive tract; Corrosion of other internal organs
XIX,T30-T32,Burns and corrosions of multiple and unspecified body regions,Burn of unspecified degree; Corrosion of unspecified degree; Burns involving 10-19% of body surface; Burns involving 20-29% of body surface; Burns involving 30-39% of body surface; Burns involving 40-49% of body surface; Burns involving 50-59% of body surface; Burns involving 60-69% of body surface; Burns involving 70-79% of body surface; Burns involving 80-89% of body surface; Burns involving 90% or more of body surface; Corrosions involving 10-19% of body surface; Corrosions involving 20-29% of body surface; Corrosions involving 30-39% of body surface; Corrosions involving 40-49% of body surface; Corrosions involving 50-59% of body surface; Corrosions involving 60-69% of body surface; Corrosions involving 70-79% of body surface; Corrosions involving 80-89% of body surface; Corrosions involving 90% or more of body surface
XIX,T33-T34,Frostbite,Frostbite of limited extent with tissue necrosis; Frostbite with tissue necrosis; Frostbite of limited extent without tissue necrosis; Frostbite of unspecified extent
XIX,T36-T50,Poisoning by adverse effect of and underdosing of drugs medicaments and biological substances,Poisoning by antibiotics; Poisoning by other systemic anti-infectives and antiparasitics; Poisoning by hormones and their synthetic substitutes; Poisoning by antineoplastic chemotherapy drugs; Poisoning by drugs affecting blood constituents; Poisoning by analgesics antipyretics and anti-inflammatory drugs; Poisoning by antiepileptic sedative-hypnotic and antiparkinson drugs; Poisoning by psychotropic drugs; Poisoning by drugs primarily affecting the autonomic nervous system; Poisoning by drugs primarily affecting the cardiovascular system; Poisoning by drugs primarily affecting the gastrointestinal system; Poisoning by drugs affecting skin and mucous membrane and by ophthalmological otorhinolaryngological and dental drugs; Poisoning by systemic agents and medical agents not elsewhere specified; Underdosing of drugs medicaments and biological substances
XIX,T51-T65,Toxic effects of substances chiefly nonmedicinal as to source,Toxic effect of alcohol; Toxic effect of methanol; Toxic effect of isopropyl alcohol; Toxic effect of fuels and solvents; Toxic effect of halons and related compounds; Toxic effect of lead and its compounds; Toxic effect of phosphorus and its compounds; Toxic effect of manganese and its compounds; Toxic effect of heavy metals and their compounds; Toxic effect of nonmetals; Toxic effect of smoke exposure from fire or non-medicinal substances; Toxic effect of harmful algae and their toxins; Toxic effect of pesticides; Toxic effect of other specified inorganic substances; Toxic effect of other specified organic compounds
XIX,T66-T78,Other and unspecified effects of external causes,Unspecified effect of radiation; Unspecified effect of temperature; Unspecified effect of external cause; Adverse effects not elsewhere classified; Unspecified adverse effect of drug or medicament; Foreign body in body region; Other specified effects of external causes; Unspecified effect of external cause
XIX,T79-T79,Certain early complications of trauma,Compartment syndrome as an early complication of trauma; Traumatic subcutaneous emphysema; Other early complications of trauma; Early complication of trauma unspecified
XIX,T80-T88,Complications of surgical and medical care not elsewhere classified,Complications of procedures not elsewhere classified; Complications of care and other procedures; Complications involving devices implants and grafts; Complications of care not elsewhere classified; Complications of anesthesia; Postprocedural complications and disorders of nervous system; Postprocedural complications and disorders of eye ear and mastoid process; Postprocedural complications and disorders of respiratory system; Postprocedural complications and disorders of digestive system; Postprocedural complications and disorders of genitourinary system; Postprocedural complications and disorders of musculoskeletal system; Postprocedural complications and disorders of skin and subcutaneous tissue; Other postprocedural complications and disorders; Complication of surgical and medical care unspecified
XX,U00-U85,Codes for special purposes,Provisional assignment of new diseases; World health organization
XXI,V00-Y99,External causes of morbidity,Pedestrian injured in transport accidents; Pedal cycle rider injured in transport accidents; Motorcycle rider injured in transport accidents; Occupant of three-wheeled motor vehicle injured in transport accidents; Car occupant injured in transport accidents; Occupant of pick-up truck or van injured in transport accidents; Occupant of heavy transport vehicle injured in transport accidents; Bus occupant injured in transport accidents; Other land transport accidents; Water transport accidents; Air and space transport accidents; Other and unspecified transport accidents; Slipping tripping stumbling and falls; Exposure to inanimate mechanical forces; Exposure to animate mechanical forces; Accidental non-transport drowning and submersion; Exposure to electric current radiation and extreme ambient air temperature and pressure; Exposure to smoke fire and flames; Contact with heat and hot substances; Exposure to forces of nature; Overexertion strenuous or repetitive movements or prolonged static posture; Accidental exposure to other specified factors; Intentional self-harm; Assault; Event of undetermined intent; Legal intervention operations of war military or civil unrest and their sequelae; Misadventures to patients during surgical and medical care; Medical devices associated with adverse incidents; Surgical and other medical procedures as the cause of abnormal reaction of the patient or of later complication; Supplementary factors related to causes of morbidity classified elsewhere; Exposure to noise vibration air pollution and other environmental factors; Contact with animals and insects; Other external causes of accidental injury; Other specified external causes; Unspecified external cause
XXI,V00-V09,Pedestrian injured in transport accident,Pedestrian injured in collision with pedestrian or animal; Pedestrian injured in collision with bicycle; Pedestrian injured in collision with motorcycle; Pedestrian injured in collision with car; Pedestrian injured in collision with bus; Pedestrian injured in collision with other motor vehicle; Pedestrian injured in collision with fixed or stationary object; Pedestrian injured in other and unspecified transport accidents
XXI,V10-V19,Pedal cycle rider injured in transport accident,Pedal cycle rider injured in collision with pedestrian or animal; Pedal cycle rider injured in collision with other pedal cycle; Pedal cycle rider injured in collision with motorcycle; Pedal cycle rider injured in collision with car; Pedal cycle rider injured in collision with bus; Pedal cycle rider injured in collision with other motor vehicle; Pedal cycle rider injured in collision with fixed or stationary object; Pedal cycle rider injured in other and unspecified transport accidents
XXI,V20-V29,Motorcycle rider injured in transport accident,Motorcycle rider injured in collision with pedestrian or animal; Motorcycle rider injured in collision with bicycle; Motorcycle rider injured in collision with other motorcycle; Motorcycle rider injured in collision with car; Motorcycle rider injured in collision with bus; Motorcycle rider injured in collision with other motor vehicle; Motorcycle rider injured in collision with fixed or stationary object; Motorcycle rider injured in other and unspecified transport accidents
XXI,V30-V39,Occupant of three-wheeled motor vehicle injured in transport accident,Car occupant injured in collision with pedestrian or animal; Car occupant injured in collision with two-wheeled motor vehicle; Car occupant injured in collision with other motor vehicle; Car occupant injured in collision with fixed or stationary object; Car occupant injured in other specified types of transport accidents; Car occupant injured in unspecified transport accident
XXI,V40-V49,Car occupant injured in transport accident,Car occupant injured in collision with pedestrian or animal; Car occupant injured in collision with two-wheeled motor vehicle; Car occupant injured in collision with car; Car occupant injured in collision with heavy transport vehicle or bus; Car occupant injured in collision with other motor vehicle; Car occupant injured in collision with fixed or stationary object; Car occupant injured in other specified types of transport accidents; Car occupant injured in unspecified transport accident
XXI,V50-V59,Occupant of pick-up truck or van injured in transport accident,Occupant of pick-up truck or van injured in collision with pedestrian or animal; Occupant of pick-up truck or van injured in collision with two-wheeled motor vehicle; Occupant of pick-up truck or van injured in collision with car; Occupant of pick-up truck or van injured in collision with heavy transport vehicle or bus; Occupant of pick-up truck or van injured in collision with other motor vehicle; Occupant of pick-up truck or van injured in collision with fixed or stationary object; Occupant of pick-up truck or van injured in other specified types of transport accidents; Occupant of pick-up truck or van injured in unspecified transport accident
XXI,V60-V69,Occupant of heavy transport vehicle injured in transport accident,Occupant of heavy transport vehicle injured in collision with pedestrian or animal; Occupant of heavy transport vehicle injured in collision with two-wheeled motor vehicle; Occupant of heavy transport vehicle injured in collision with car; Occupant of heavy transport vehicle injured in collision with heavy transport vehicle or bus; Occupant of heavy transport vehicle injured in collision with other motor vehicle; Occupant of heavy transport vehicle injured in collision with fixed or stationary object; Occupant of heavy transport vehicle injured in other specified types of transport accidents; Occupant of heavy transport vehicle injured in unspecified transport accident
XXI,V70-V79,Bus occupant injured in transport accident,Bus occupant injured in collision with pedestrian or animal; Bus occupant injured in collision with two-wheeled motor vehicle; Bus occupant injured in collision with car; Bus occupant injured in collision with heavy transport vehicle or bus; Bus occupant injured in collision with other motor vehicle; Bus occupant injured in collision with fixed or stationary object; Bus occupant injured in other specified types of transport accidents; Bus occupant injured in unspecified transport accident
XXI,V80-V89,Other land transport accidents,Animal rider or occupant of animal-drawn vehicle injured in transport accident; Occupant of streetcar injured in transport accident; Occupant of other special vehicle injured in transport accident; Vehicle or pedestrian involved in accident with railway train or railway vehicle; Accident involving military vehicle; Other specified land transport accident; Unspecified motor vehicle accident
XXI,V90-V94,Water transport accidents,Drowning and submersion associated with water transport accident; Other injury associated with water transport accident; Air and space transport accidents; Accident to powered aircraft; Accident to nonpowered aircraft; Accident to spacecraft
XXI,V95-V97,Air and space transport accidents,Accident to powered aircraft; Accident to nonpowered aircraft; Accident to spacecraft
XXI,V98-V99,Other and unspecified transport accidents,Other specified transport accident; Unspecified transport accident
XXI,W00-W19,Slipping tripping stumbling and falls,Fall on same level from slipping tripping or stumbling; Fall on same level from collision with another person; Other fall on same level due to accident; Fall while being carried or supported by other person; Fall from bed; Fall from chair; Fall from furniture other than bed; Other fall from one level to another; Unspecified fall
XXI,W20-W49,Exposure to inanimate mechanical forces,Struck by falling object; Struck by thrown projected or falling object; Contact with machinery; Contact with powered hand-tools and household machinery; Exposure to other inanimate mechanical forces
XXI,W50-W64,Exposure to animate mechanical forces,Bitten or struck by dog; Bitten or struck by other mammals; Bitten or struck by reptile; Contact with marine animal; Other contact with animal; Exposure to animate mechanical forces unspecified
XXI,W65-W74,Accidental non-transport drowning and submersion,Accidental drowning and submersion in bathtub; Accidental drowning and submersion in swimming pool; Accidental drowning and submersion in natural water; Other accidental drowning and submersion; Accidental non-transport drowning and submersion unspecified; Accidental suffocation and strangulation
XXI,W85-W99,Exposure to electric current radiation and extreme ambient air temperature and pressure,Exposure to electric current; Exposure to radiation; Exposure to extremes of ambient air temperature; Exposure to low air pressure and changes in air pressure; Exposure to other environmental factors
XXI,X00-X08,Exposure to smoke fire and flames,Exposure to uncontrolled fire in building or structure; Exposure to uncontrolled fire outside building or structure; Exposure to controlled fire in building or structure; Exposure to controlled fire not in building or structure; Exposure to ignition or melting of nightwear; Exposure to ignition or melting of other clothing and apparel; Exposure to contact with heat and hot substances; Exposure to smoke fire and flames unspecified
XXI,X10-X19,Contact with heat and hot substances,Contact with hot tap water and pipes; Contact with hot fluids; Contact with hot appliances; Contact with other heat and hot substances
XXI,X30-X39,Exposure to forces of nature,Exposure to excessive natural heat; Exposure to excessive natural cold; Exposure to lightning; Exposure to tornado or cyclone; Exposure to blizzard; Exposure to other forces of nature
XXI,X50-X50,Overexertion and strenuous or repetitive movements or prolonged static posture,Overexertion or strenuous movements
XXI,X52-X58,Accidental exposure to other specified factors,Prolonged stay in weightless environment; Accidental exposure to other specified factors
XXI,X71-X83,Intentional self-harm,Intentional self-harm by poisoning; Intentional self-harm by other and unspecified means
XXI,X92-Y09,Assault,Assault by firearm; Assault by other and unspecified means; Assault unspecified
XXI,Y21-Y33,Event of undetermined intent,Poisoning of undetermined intent; Other event of undetermined intent
XXI,Y35-Y38,Legal intervention operations of war military or civil unrest and their sequelae,Legal intervention; Operations of war; Military operations; Terrorism
XXI,Y62-Y69,Misadventures to patients during surgical and medical care,Failure of sterile precautions during procedure; Failure in dosage during anesthetic accident; Accidental puncture or laceration during procedure; Foreign object accidentally left in body during procedure; Other misadventures to patient during procedure; Misadventure to patient of unspecified type
XXI,Y70-Y82,Medical devices associated with adverse incidents,Therapeutic use of cardiac devices; Therapeutic use of infusion and transfusion devices; Therapeutic use of electronic nervous system devices; Therapeutic use of orthopedic devices; Therapeutic use of gastrointestinal devices; Therapeutic use of urinary devices; Therapeutic use of reproductive devices; Therapeutic use of otorhinolaryngological devices; Therapeutic use of obstetric and gynecological devices; Adverse incidents due to medical devices; Medical devices associated with adverse incidents
XXI,Y83-Y84,Surgical and other medical procedures as the cause of abnormal reaction of the patient or of later complication,Surgical operation with transplant of whole organ as the cause of abnormal reaction or complication; Surgical operation with implant of artificial internal device as the cause of abnormal reaction or complication; Other surgical procedures as the cause of abnormal reaction or complication; Medical procedures as the cause of abnormal reaction or complication
XXI,Y90-Y99,Supplementary factors related to causes of morbidity classified elsewhere,Problems associated with housing and economic circumstances; Problems associated with employment; Problems associated with education and literacy; Problems associated with unemployment; Problems associated with housing or economic circumstances; Problems associated with social environment; Problems associated with family circumstances; Other problems associated with social circumstances; Exposure to pollution and other problems related to physical environment; Problems associated with other psychosocial circumstances
XXII,Z00-Z99,Factors influencing health status and contact with health services,Persons encountering health services for examination and consultation; Genetic carrier and genetic susceptibility to disease; Resistance to antimicrobial drugs; Estrogen receptor status; Retained foreign body fragments; Hormone sensitivity malignancy status; Persons with potential health hazards related to infectious diseases; Persons with potential health hazards related to socioeconomic and psychosocial circumstances; Persons encountering health services for specific procedures and health care; Persons with potential health hazards related to family and personal history and certain conditions influencing health status; Problems associated with housing and economic circumstances; Problems associated with employment; Problems associated with education and literacy; Problems associated with unemployment; Problems associated with housing and economic circumstances; Problems associated with social environment; Persons with potential health hazards related to family and personal history and certain conditions influencing health status; Persons encountering health services in circumstances related to reproduction; Problems associated with abuse and maltreatment; Persons with potential health hazards related to lifestyle; Persons with potential health hazards related to other psychosocial circumstances; Do not resuscitate status; Blood type; Body mass index; Problems associated with social circumstances; Persons with potential health hazards related to family and personal history and certain conditions influencing health status
XXII,Z00-Z13,Persons encountering health services for examinations and consultations,Encounter for general adult medical examination; Encounter for general adult medical examination with abnormal findings; Examination of infant or child; Encounter for screening; Encounter for supervision of normal pregnancy; Encounter for other specified health examination; Persons encountering health services for examination of blood pressure; Persons encountering health services for other examinations and consultations
XXII,Z14-Z15,Genetic carrier and genetic susceptibility to disease,Carrier of genetic disease; Genetic predisposition to malignant neoplasm; Genetic predisposition to malignant melanoma; Genetic predisposition to breast cancer; Genetic predisposition to ovarian cancer; Genetic predisposition to other disease
XXII,Z16-Z16,Resistance to antimicrobial drugs,Resistance to penicillins; Resistance to other beta-lactam antibiotics; Resistance to sulfonamides; Resistance to aminoglycosides; Resistance to tetracyclines; Resistance to macrolides and other antibacterials; Resistance to other antibacterials; Resistance to antiretroviral drug; Resistance to other antiviral drugs; Resistance to antiprotozoal drugs; Resistance to anthelmintics; Resistance to antimycobacterial drugs; Resistance to multiple antimicrobial drugs; Resistance to other antimicrobial drugs
XXII,Z17-Z17,Estrogen receptor status and hormone sensitivity malignancy status,Estrogen receptor positive status; Estrogen receptor negative status; Hormone sensitivity malignancy status
XXII,Z18-Z18,Retained foreign body fragments,Retained radioactive fragments; Retained metallic fragments; Retained other foreign body fragments; Retained foreign body fragments unspecified
XXII,Z19-Z19,Hormone sensitivity malignancy status,Hormone sensitive malignancy status; Hormone resistant malignancy status; Hormone sensitivity malignancy status unspecified
XXII,Z20-Z29,Persons with potential health hazards related to infectious diseases,Contact with and exposure to communicable disease; Contact with and exposure to other communicable diseases; Encounter for prophylactic vaccination and inoculation; Encounter for screening of infectious diseases; Persons with potential health hazards related to infectious diseases
XXII,Z30-Z39,Persons encountering health services in circumstances related to reproduction,Encounter for general counseling and advice on contraception; Encounter for surveillance of contraception; Encounter for prescription of contraceptive; Encounter for surveillance of contraceptive; Encounter for management of male contraception; Encounter for sterilization; Encounter for pregnancy test; Encounter for supervision of normal first pregnancy; Encounter for supervision of other normal pregnancy; Encounter for pregnancy termination; Other factors affecting encounter related to reproduction
XXII,Z40-Z53,Encounter for other specific health care,Encounter for prophylactic surgery; Encounter for other procedures for purposes other than remedying health state; Encounter for preventive health examination; Encounter for medical observation; Other persons seeking health care; Encounter for health services related to sexual dysfunction; Persons whose personal history presents hazards to health; Persons with potential health hazards related to socioeconomic and psychosocial circumstances; Other circumstances seeking health care
XXII,Z55-Z65,Persons with potential health hazards related to socioeconomic and psychosocial circumstances,Problems associated with education and literacy; Problems associated with employment; Problems associated with housing and economic circumstances; Problems associated with social environment; Problems associated with family circumstances; Problems associated with certain psychosocial circumstances; Problems associated with other psychosocial circumstances; Problems associated with crime or violence; Problems associated with housing and economic circumstances; Problems associated with social environment; Problems associated with family circumstances; Problems associated with psychosocial circumstances
XXII,Z66-Z66,Do not resuscitate status,Do not resuscitate status
XXII,Z67-Z67,Blood type,Blood type O positive; Blood type O negative; Blood type A positive; Blood type A negative; Blood type B positive; Blood type B negative; Blood type AB positive; Blood type AB negative
XXII,Z68-Z68,Body mass index,Body mass index less than 5th percentile for age; Body mass index 5th percentile to less than 85th percentile for age; Body mass index 85th percentile to less than 95th percentile for age; Body mass index 95th percentile or greater for age; Body mass index 19.9 or less; Body mass index 20-24.9; Body mass index 25-29.9; Body mass index 30.0-30.9; Body mass index 31.0-32.9; Body mass index 33.0-34.9; Body mass index 35.0-36.9; Body mass index 37.0-38.9; Body mass index 39.0-39.9; Body mass index 40 or greater
XXII,Z69-Z76,Persons encountering health services in other circumstances,Encounter for mental health services for victim of abuse; Encounter for mental health services for perpetrator of abuse; Other circumstances related to sexual abuse and exploitation; Persons encountering health services for other specified reasons; Persons encountering health services for unspecified reasons; Encounter for issue of repeat prescription; Encounter for health supervision of newborn; Encounter for health supervision of child; Encounter for health supervision of other specified person; Persons encountering health services for other specified reasons; Persons encountering health services for unspecified reasons
XXII,Z77-Z99,Other factors influencing health status and contact with health services,Contact with and exposure to other communicable diseases; Other factors related to physical environment; Exposure to pollution and other problems related to physical environment; Other problems related to physical environment; Occupational exposure to risk factors; Exposure to other factors and problems related to physical environment; Personal history of disease; Personal history of other specified conditions; Other factors influencing health status and contact with health services